Meses,Sporting,Solo Deportes,Dexter,Stock Center,Open Sports,Punto Deportivo,Seven Sport,Moov,Grid,Adidas,Topper,Puma,Under Armour,On Sports,Nike,Digital Sport,Newsport
SEPTEMBER,"- Hombre
- Mujer
- Niños
- Deportes
- OFERTAS
- DestacadosNuevoMás vendidos OfertasÚltimas unidades Fin De TemporadaSelección ArgentinaBoca JuniorsRiver Plate
- Nuevo
- Ofertas
- Últimas unidades
- Fin De Temporada","- Solo Urbano
- Solo Futbol
- Calzado
- Indumentaria
- Accesorios
- Sucursales
- OfertasCalzadoIndumentariaAccesorios
- Ofertas
- Invierno
- Lanzamientos","- adidas
- Topper
- Lotto
- On Running
- Under Armour
- Ver sucursales
- SALE hasta 60% OFF 🔥
- Lanzamiento
- SELECCIONADOS INVIERNO
- 35% OFF","- adidas
- Topper
- Atomik
- Lotto
- Skechers
- Productos OUTLET: cambios solo en sucursal Outlet o web*
- Ver sucursales
- OUTLET 🚀
- Ofertas
- Lanzamiento","- Open Sports
- Liquidacion record
- Zapatillas Adidas Cloudfoam Flex
- Campera Adidas Terrex Multi
- JQ9684_0.jpg
- ¡RETIRA GRATIS EN NUESTRAS SUCURSALES!
- NARANJA: 20%OFF Y PLAN Z 3 S/I
- NEUQUÉN: 10%OFF Y HASTA 12 SIN INTERÉS (Confiable) o 6 SIN INTERÉS (VISA/MASTER)
- Ofertas
- 25% OFF Zapatillas Adidas Cloudfoam Flex $ 89.999 $ 74.379 Precio habitual $ 119.999 Agregar al Carrito Añadir a lista de deseos Añadir para comparar","- Logo punto deportivo
- 3x1_infantil
- especial_fila
- champion
- Reebok
- HOMBRECALZADOZapatillasOjotas, chinelas y sandaliasBotinesVer TodoINDUMENTARIABuzosCamisetasCamperasConjuntosRemerasMusculosasMallas y ShortsPantalonesVer TodoACCESORIOSMochilas y BolsosMorralesGorras y gorrosPelotasPalos de Hockey Raquetas y paletasMediasProteccionesBotellasVer TodoDESTACADOSLos más vendidos 🤩Lleva más - paga menos🤑Hasta 60% OFFVer Todo
- Hasta 60% OFF
- MUJERCALZADOZapatillasOjotas, chinelas y sandaliasBotinesVer TodoINDUMENTARIABuzosCamisetasCamperasConjuntos RemerasMusculosasTops deportivosMallas y ShortsPantalonesVer TodoACCESORIOSMochilas y BolsosMorralesGorras y gorrosPelotasPalos de Hockey Raquetas y paletasMediasBotellasProteccionesVer TodoDESTACADOSLos más vendidos 🤩Lleva más - paga menos🤑Hasta 60% OFFVer Todo
- NIÑOSCALZADOZapatillas Con LucesZapatillasOjotas y ClogsBotinesNiñoNiñaJuniorVer TodoINDUMENTARIARemeras Shorts Pantalones ClubesMallas Buzos y abrigos Ver TodoACCESORIOSMochilasCartucherasLuncherasProteccionesEntrenamientoRaquetasNataciónPelotasBotellasVer TodoDESTACADOSLos más vendidos 🤩Lleva más - paga menos🤑Hasta 60% offVer Todo
- Hasta 60% off","- Seven Sport
- favoritos
- Logo de whatsapp que lleva al chat de atencion de sevensport
- ADIDAS
- GOCUOTAS
- PROMOCIONES
- SUCURSALES
- LANZAMIENTOS
- OFERTAS","- adidas Originals
- Topper
- Jordan
- Converse
- Champion
- Ver sucursales
- SALE hasta 70% OFF 🔥
- Lanzamiento
- Sucursales","- JORDAN
- ZAPATILLAS JORDAN COURT CONNECT LOW HOMBRE
- Jordan
- PANTALóN ADIDAS ORIGINALS BOOTCUT MUJER
- Adidas Originals
- Sucursales
- NUEVO S REMERA ADIDAS ORIGINALS PINSTRIPE MUJER 69.999 3 cuotas de $23.333 sin interés $57.850 precio sin impuestos nacionales
- NUEVO
- NUEVO Talle Unico GORRA NIKE CLUB UNISEX 49.999 3 cuotas de $16.666,33 sin interés $41.321 precio sin impuestos nacionales",Sin datos detectados,"- 025824_4
- 025824
- 025824_3
- 025824_2
- 025824_5
- HombreZapatillasDescuentosInspiración DeportivaRunning + TrainingOutdoorBotinesTenis + PadelBasketballLanzamientosVer TodoRopaDescuentosBuzosCamperasRemerasPantalonesBermudas y ShortsShorts De BañoConjuntosLanzamientosVer TodoAccesoriosDescuentosMediasMochilasPelotasBolsosRiñonerasGorrasBotinerosGuantesInfladoresCanillerasMat YogaLanzamientosVer Todo
- ZapatillasDescuentosInspiración DeportivaRunning + TrainingOutdoorBotinesTenis + PadelBasketballLanzamientosVer Todo
- Descuentos
- Lanzamientos
- RopaDescuentosBuzosCamperasRemerasPantalonesBermudas y ShortsShorts De BañoConjuntosLanzamientosVer Todo","- Zapatillas Suede Bloom para mujer
- Zapatillas Suede Bloom Patent para mujer
- Camiseta Alternativa CAI 26/27
- Camiseta Alternativa CAI 26/27 Mujer
- Camiseta Alternativa CAI 26/27 Niño
- Lanzamientos⚡
- Forjada enel infiernoNueva camiseta alternativa CAI 26/27comprar ahoracolección completa
- colección completa
- Arrival PackNuevos FUTURE & ULTRAexplorar
- Nuevos FUTURE & ULTRA","- header image
- UnderArmour
- Remera de Basketball Court Hunt para Hombre
- heart icon
- Remera Boxy Wash Heavyweight para Mujer
- PROMOCIONES BANCARIAS
- HASTA 9 CUOTAS SIN INTERES! CONOCE NUESTRAS PROMOCIONES
- CONOCE NUESTRAS PROMOCIONES
- Guantes Guantes Golf Invierno Training
- Invierno","- On Sports
- favoritos
- Logo de whatsapp que lleva al chat de atencion de jj
- SEGUNDO $1
- puma deviate​
- SUCURSALES
- OFERTAS 💣
- 10%OFF Pagando con Transferencia Bancaria 📱
- 📦 Retiro Gratis en Nuestras Sucursales
- 🔵🟡 LANZAMIENTOS SUPERCLÁSICOS 🔴⚪",Sin datos detectados,Sin datos detectados,"- LogoNewsport
- LogoTemploDelFutbol
- LogoTiendaFuencarral
- LogoCero26
- HYPERBOOST ADIDAS
- PROMOCIONES DESTACADAS
- LO MÁS NUEVO
- Ver nuevo
- Ver nuevo →"
Financiación,"- Hasta 12 Cuotas con Macro (Miércoles y Sábados) Ver términos
- Hasta 12 Cuotas con Macro (Miércoles y Sábados)
- Tienda Oficial Adidas 6 Cuotas sin interés Bancarizadas Ver términos
- Tienda Oficial Adidas 6 Cuotas sin interés Bancarizadas
- Tarjeta Milenia
- Cuotas sin interés
- Banco Santander
- Banco Macro
- Banco Galicia
- Cuotas con débito","- ClubesSelección ArgentinaRiver PlateBoca JuniorsSan LorenzoRacing ClubIndependienteVelez SarsfieldRosario CentralArgentinos JuniorsClub Atletico TalleresLanusPlatenseAldosiviTigreClub Atlético BanfieldHuracanClub Atletico TucumanFutbol InternacionalInter De MiamiManchester CityACM MilanReal MadridBorussia DortmundBarcelonaLiverpoolParis Saint GermainBayern MunichChelseaJuventusLos PumasLos LeonesLas LeonasnbaManchester United
- Futbol Internacional
- Impuestos Nacionales: $24.297,35
- Precio sin impuestos nacionales: $115.701,65
- Impuestos Nacionales: $12.148,59
- Precio sin impuestos nacionales: $57.850,41
- Impuestos Nacionales: $20.826,27
- Precio sin impuestos nacionales: $99.172,73
- Impuestos Nacionales: $11.957,85
- Precio sin impuestos nacionales: $56.942,15","- © Copyright - 2017 - 2026 www.dexter.com.ar, TODOS LOS DERECHOS RESERVADOS. Las fotos contenidas en este site, el logotipo y las marcas son propiedad de www.dexter.com.ar y/o de sus respectivos titulares. Está prohibida la reproducción total o parcial, sin la expresa autorización de la administradora de la tienda virtual. Dexter, empresa perteneciente al grupo DABRA S.A. con domicilio en Autopista Panamericana KM 25,6 - Don Torcuato de la Provincia de Buenos Aires – Argentina.","- 6 CUOTAS SIN INTERÉS 💳 CON TODOS LOS BANCOS más info
- 6 CUOTAS SIN INTERÉS 💳 CON TODOS LOS BANCOS
- 6 sin interés con débito
- © Copyright - 2017 - 2023 www.stockcenter.com.ar, TODOS LOS DERECHOS RESERVADOS. Las fotos contenidas en este site, el logotipo y las marcas son propiedad de www.stockcenter.com.ar y/o de sus respectivos titulares. Está prohibida la reproducción total o parcial, sin la expresa autorización de la administradora de la tienda virtual. Stock Center, empresa perteneciente al grupo DABRA S.A. con domicilio en Autopista Panamericana KM 25,6 - Don Torcuato de la Provincia de Buenos Aires – Argentina.","- MERCADO PAGO: HASTA 12 CUOTAS S/INTERES*
- NARANJA: 20%OFF Y PLAN Z 3 S/I
- NEUQUÉN: 10%OFF Y HASTA 12 SIN INTERÉS (Confiable) o 6 SIN INTERÉS (VISA/MASTER)
- Más de 65 años de trayectoria nos avalan en el mercado, 79 sucursales físicas a lo largo de 6 provincias (Buenos Aires, La Pampa , Río Negro, Santa Fe, Chubut y Neuquén) y 3 canales de e-commerce.
- Pagá en 3, 6, y 12 cuotas
- 3, 6, y 12 cuotas
- Pagos seguros en 3, 6, y 12 cuotas
- Podrás abonar con Mobbex para acceder a tu promoción bancaria, por MercadoPago con 3, 6, 9 y 12 cuotas sin interés (según montos mínimos establecidos) y por GoCuotas en 2, 3 y hasta en 4 cuotas.
- : podés seleccionar retiro sin cargo de nuestra tienda de la ciudad de Mar del Plata. Recordá que la única persona autorizada a retirar la orden es el titular de la compra presentando su DNI.
- Retiro en tienda Run & Bike (gratis): podés seleccionar retiro sin cargo de nuestra tienda de la ciudad de Mar del Plata. Recordá que la única persona autorizada a retirar la orden es el titular de la compra presentando su DNI.","- 4 CSI CON GO CUOTAS 🔥
- 5 CSI CON TARJETA NARANJA X 🧡
- 23% ZAPATILLAS FILA ORIGINAL FITNESS BOLD MUJER De$ 77.999,00Para$ 59.999,00O 5 x de $ 12.000,00sin intereses-23% Off35363738394041
- 23% ZAPATILLAS FILA ORIGINAL FITNESS BOLD MUJER De$ 77.999,00Para$ 59.999,00O 5 x de $ 12.000,00sin intereses-23% Off3540
- PROMOZAPATILLAS FILA COURT 80 MUJER $ 89.999,00O 5 x de $ 18.000,00sin intereses2 x$ 149.998(Ahorrá $ 29.999)$ 89.999 35363738394041
- 30% ZAPATILLAS FILA TORMO CLASSIC HOMBRE De$ 113.999,00Para$ 79.999,00O 5 x de $ 16.000,00sin intereses-30% Off3537383940
- 26% ZAPATILLAS FILA ACD CLASSIC HOMBRE De$ 67.999,00Para$ 49.999,00O 5 x de $ 10.000,00sin intereses-26% Off383940414243444546
- 13% ZAPATILLAS URBANO CLASSIC LEATHER MUJER ORIGINAL REEBOK De$ 79.999,00Para$ 69.999,00O 5 x de $ 14.000,00sin intereses-13% Off35363741
- 13% ZAPATILLAS URBANO CLASSIC LEATHER HOMBRE ORIGINAL REEBOK De$ 79.999,00Para$ 69.999,00O 5 x de $ 14.000,00sin intereses-13% Off42434445
- Llevalo en cuotas sin interés 💳","- HASTA 6 CUOTAS SIN INTERÉS
- 20% OFF Y 6 CUOTAS SIN INTERÉS
- HASTA 3 CUOTAS SIN INTERÉS
- 6 CUOTAS SIN INTERÉS
- ColoresVista rápidaZapatillas Hombre Vans Caldrone $ 135.920$ 169.900Ahorrá $ 33.98020% OFF6 cuotas sin interés de $ 22.654
- cuotas sin interés de
- 6 cuotas sin interés de $ 22.654
- ColoresVista rápidaBotines Juvenil adidas F50 League Tf $ 83.999$ 119.999Ahorrá $ 36.00030% OFF6 cuotas sin interés de $ 14.000
- 6 cuotas sin interés de $ 14.000
- ColoresVista rápidaOjotas Unisex Reebok Slide $ 34.999$ 49.999Ahorrá $ 15.00030% OFF6 cuotas sin interés de $ 5.834","- © Copyright - 2017 - 2023 www.moov.com.ar, TODOS LOS DERECHOS RESERVADOS. Las fotos contenidas en este site, el logotipo y las marcas son propiedad de www.moov.com.ar y/o de sus respectivos titulares. Está prohibida la reproducción total o parcial, sin la expresa autorización de la administradora de la tienda virtual. MOOV by Dexter, empresa perteneciente al grupo DABRA S.A. con domicilio en Autopista Panamericana KM 25,6 - Don Torcuato de la Provincia de Buenos Aires – Argentina.","- ENVÍO GRATIS DESDE $179.999 -6 CUOTAS SIN INTERES DESDE $119.999
- ENVÍO GRATIS DESDE $179.999 - 6 CUOTAS SIN INTERES DESDE $119.999
- New In41.543.5ZAPATILLAS JORDAN COURT CONNECT LOW HOMBRE $ 159.999,003 cuotas de $ 53.333,00 sin interés$132.230 precio sin impuestos nacionalesAgregar al carrito
- cuotas de sin interés
- 3 cuotas de $ 53.333,00 sin interés
- $ 132.230 precio sin impuestos nacionales
- $132.230 precio sin impuestos nacionales
- New InXSMLXLPANTALóN ADIDAS ORIGINALS BOOTCUT MUJER $ 149.999,003 cuotas de $ 49.999,67 sin interés$123.966 precio sin impuestos nacionalesAgregar al carrito
- 3 cuotas de $ 49.999,67 sin interés
- $ 123.966 precio sin impuestos nacionales",Sin datos detectados,"- 12 CUOTAS SIN INTERES A PARTIR DE $200.000
- 3 CUOTAS A PARTIR DE $80.000
- 3 CUOTAS SIN INTERÉS A PARTIR DE $80.000
- SIN INTERÉS
- 3 cuotas sin interés con todas las tarjetas bancarias
- Hasta x sin interés
- Hasta 12x $ 3.325 sin interés
- Hasta 12x $ 1.241,66 sin interés
- Más por Menos Modo Verano 35 K
- Más por Menos Modo Verano","- #cc-amex .st0{fill:none;stroke:#DFE0E1;} #cc-amex .st1{fill:#FFFFFF;} #cc-amex .st2{fill:#016FD0;}
- #cc-mastercard-bw .st0{fill:#141414;}
- 6 Cuotas Sin Interés con monto mínimo
- Forjada enel infiernoNueva camiseta alternativa CAI 26/27comprar ahoracolección completa
- Nueva camiseta alternativa CAI 26/27
- 1 colorCamiseta Alternativa CAI 26/27$ 169.999Camiseta Alternativa CAI 26/27current price $ 169.999
- Camiseta Alternativa CAI 26/27
- Camiseta Alternativa CAI 26/27 current price $ 169.999
- Camiseta Alternativa CAI 26/27current price $ 169.999
- 1 colorCamiseta Alternativa CAI 26/27 Mujer$ 159.999Camiseta Alternativa CAI 26/27 Mujercurrent price $ 159.999","- HASTA 9 CUOTAS SIN INTERES!
- HASTA 9 CUOTAS SIN INTERES! CONOCE NUESTRAS PROMOCIONES
- Precio sin Impuestos Nacionales: $57,850.41
- Precio sin Impuestos Nacionales: $53,718.18
- Precio sin Impuestos Nacionales: $148,759.83
- Precio sin Impuestos Nacionales: $86,776.03
- Precio sin Impuestos Nacionales: $123,966.12
- Precio sin Impuestos Nacionales: $181,817.36
- Precio sin Impuestos Nacionales: $74,379.34
- Precio sin Impuestos Nacionales: $66,114.88","- 6 Cuotas Sin Interés en Compras Superiores a $149.999 💳
- Nuevo Campera Hombre adidas River Plate $ 199.999,00Hasta 8 Cuotas Sin Interés de $ 25.000,00Envío GratisPrecio sin impuestos nacionales: $ 165.288,43Vista rápida
- Hasta Cuotas Sin Interés de
- Hasta 8 Cuotas Sin Interés de $ 25.000,00
- Precio sin impuestos nacionales:
- Nuevo Camiseta Suplente Hombre adidas Boca Juniors $ 149.999,00Hasta 8 Cuotas Sin Interés de $ 18.750,00Envío GratisPrecio sin impuestos nacionales: $ 123.966,12Vista rápida
- Hasta 8 Cuotas Sin Interés de $ 18.750,00
- Nuevo Buzo Hombre adidas Boca Juniors $ 169.999,00Hasta 8 Cuotas Sin Interés de $ 21.250,00Envío GratisLlega HoyPrecio sin impuestos nacionales: $ 140.495,04Vista rápida
- Hasta 8 Cuotas Sin Interés de $ 21.250,00
- Nuevo Campera Hombre adidas Boca Juniors $ 169.999,00Hasta 8 Cuotas Sin Interés de $ 21.250,00Envío GratisLlega HoyPrecio sin impuestos nacionales: $ 140.495,04Vista rápida",Sin datos detectados,Sin datos detectados,"- Naranja X
- Hasta 6 cuotas sin interés
- Cordobesa
- 3 y 6 cuotas sin interes
- GO Cuotas
- Hasta 4 cuotas sin interés
- con TARJETA DE DÉBITO
- Tarjetas Bancarizadas
- 3 cuotas sin interés
- Mercado Pago"
Envío,"$149.990
- 🚚 Envíos gratis a partir de $149.990 Ver más
- Envíos gratis a partir de $149.990
- Previous Next12345Campera adidas OG Boca Juniors De Hombre $ 169.999Hasta 6 cuotas sin interés de $ 28.333Envío GratisNuevoSeleccionar talle","Envío gratis (sin monto mínimo detectado)
- envío gratis","Envío gratis (sin monto mínimo detectado)
- Entregas
- Lugar de entrega
- Lugar de entrega Capital Federal Te ubicamos en Capital Federal. Ingresá tu código postal y te mostraremos las mejores opciones de retiro y envío.","Envío gratis (sin monto mínimo detectado)
- Entregas
- Lugar de entrega
- Lugar de entrega Capital Federal Te ubicamos en Capital Federal. Ingresá tu código postal y te mostraremos las mejores opciones de retiro y envío.","$149.999
- ¡RETIRA GRATIS EN NUESTRAS SUCURSALES!
- Envío gratis a partir de $149.999
- Envío gratis a partir de","$149,999
- OFERTASEspecial PELOTAS ⚽2 zapatillas al precio de una🤩ENVÍO GRATIS📦🚀VER TODO
- ENVÍO GRATIS📦🚀
- ENVÍO GRATIS EN COMPRAS SUPERIORES A $149,999 📦","$149.999
- ENVÍO GRATIS A PARTIR DE $149.999
- Vista rápidaZapatillas Hombre adidas Harden Volumen 10 $ 149.999$ 299.999Ahorrá $ 150.00050% OFF6 cuotas sin interés de $ 25.000Envio Gratis
- Envio Gratis","Envío gratis (sin monto mínimo detectado)
- Entregas
- Lugar de entrega
- Lugar de entrega Capital Federal Te ubicamos en Capital Federal. Ingresá tu código postal y te mostraremos las mejores opciones de retiro y envío.","$179.999
- ENVÍO GRATIS DESDE $179.999 -6 CUOTAS SIN INTERES DESDE $119.999
- ENVÍO GRATIS DESDE $179.999 - 6 CUOTAS SIN INTERES DESDE $119.999
- ENVÍO GRATIS",No detectado,"$159.999
- Envíos gratis desde $159.999
- Envío gratis desde $159.999 A todo el país
- Envío gratis desde $159.999","$199.999
- Envío gratis a partir de $199.999","Envío gratis (sin monto mínimo detectado)
- ENVIO GRATIS TODO EL FINDE","$149.999
- Envíos Gratis en Compras Superiores a $149.999 🚚
- 📦 Retiro Gratis en Nuestras Sucursales
- Nuevo Campera Hombre adidas River Plate $ 199.999,00Hasta 8 Cuotas Sin Interés de $ 25.000,00Envío GratisPrecio sin impuestos nacionales: $ 165.288,43Vista rápida",No detectado,No detectado,"$149.000
- 🚚ENVÍO GRATIS en tus compras mayores a $149.000
- ENVÍO GRATIS en tus compras mayores a $149.000
- Envío Gratis"
Newsletter,"- Previous Next12345Zapatillas adidas Streettalk De Niños $ 99.999$ 89.999-10%Hasta 6 cuotas sin interés de $ 14.999 Previous NextSeleccionar talle
- Suscribite a nuestro newsletter
- Quiero recibir el newsletter con promociones.
- ¡Tu primera compra tiene premio!
- Registrate y accedé a o en tu primera compra.","- SUSCRIBITE A NUESTRO NEWSLETTER
- Suscribirme
- Ingresá o registrate
- SUSCRIBITE A NUESTRO NEWSLETTER SUSCRIBITE A NUESTRO NEWSLETTER Suscribirme SEGUINOS facebook twitter youtube instagram tiktok
- SUSCRIBITE A NUESTRO NEWSLETTER SUSCRIBITE A NUESTRO NEWSLETTER Suscribirme","- 10% OFF
- $142.999 Price reduced from $159.999 to 10% OFF
- 15% OFF
- $79.999 Price reduced from $94.999 to 15% OFF
- $169.999 Price reduced from $189.999 to 10% OFF",No detectado,"- NARANJA: 20%OFF Y PLAN Z 3 S/I
- NEUQUÉN: 10%OFF Y HASTA 12 SIN INTERÉS (Confiable) o 6 SIN INTERÉS (VISA/MASTER)
- 10% OFF Zapatillas Adidas Cloudfoam Flex $ 89.999 $ 74.379 Precio habitual $ 99.999 Agregar al Carrito Añadir a lista de deseos Añadir para comparar
- 10% OFF
- 10% OFF Zapatillas Atomik Molo $ 71.999 $ 59.503 Precio habitual $ 79.900 Agregar al Carrito Añadir a lista de deseos Añadir para comparar","- 10% OFF PAGANDO CON TRANSFERENCIA 💣
- ¡SUSCRÍBETE A NUESTRO NEWSLETTER!
- SUSCRIBIR
- ¡SUSCRÍBETE A NUESTRO NEWSLETTER! emailSUSCRIBIR
- emailSUSCRIBIR","- 10% OFF CON DINERO EN CUENTA
- 20% OFF Y 6 CUOTAS SIN INTERÉS
- 10% OFF PAGANDO POR TRANSFERENCIA
- ColoresVista rápidaZapatillas Hombre Vans Caldrone $ 135.920$ 169.900Ahorrá $ 33.98020% OFF6 cuotas sin interés de $ 22.654
- 20% OFF",No detectado,"- SUSCRIBITE AL NEWSLETTER
- SUSCRIBITE AL NEWSLETTERemailENVIAR",No detectado,"- Cupón: NAVIDAD20
- Zapatillas - Cupón: FIN15
- Si buscás o , te recomendamos visitar nuestra sección de , donde encontrarás productos de temporadas anteriores con descuentos increíbles. También participamos en eventos de e-commerce como Hot Sale, Cyber Monday y Black Friday. ¡No olvides suscribirte a nuestro newsletter para recibir beneficios exclusivos directamente en tu mail!
- Si buscás zapatillas en oferta o ropa en promoción, te recomendamos visitar nuestra sección de Ofertas, donde encontrarás productos de temporadas anteriores con descuentos increíbles. También participamos en eventos de e-commerce como Hot Sale, Cyber Monday y Black Friday. ¡No olvides suscribirte a nuestro newsletter para recibir beneficios exclusivos directamente en tu mail!
- Recibí 10% OFF en tu primera compra","- 10%1 colorJogging PUMATECH para hombre$ 149.999Jogging PUMATECH para hombreoriginal price $ 149.999$ 134.999Jogging PUMATECH para hombrecurrent price $ 134.999
- 10%2 coloresJogging PUMATECH para hombre$ 99.999Jogging PUMATECH para hombreoriginal price $ 99.999$ 89.999Jogging PUMATECH para hombrecurrent price $ 89.999
- 10%2 coloresCampera holgada PUMATECH para hombre$ 199.999Campera holgada PUMATECH para hombreoriginal price $ 199.999$ 179.999Campera holgada PUMATECH para hombrecurrent price $ 179.999
- 10%2 coloresCampera PUMA x POKÉMON PUMATECH-X para hombre$ 184.999Campera PUMA x POKÉMON PUMATECH-X para hombreoriginal price $ 184.999$ 166.499Campera PUMA x POKÉMON PUMATECH-X para hombrecurrent price $ 166.499
- 10%1 colorPantalones PUMA x POKÉMON PUMATECH-X para hombre$ 139.999Pantalones PUMA x POKÉMON PUMATECH-X para hombreoriginal price $ 139.999$ 125.999Pantalones PUMA x POKÉMON PUMATECH-X para hombrecurrent price $ 125.999","- 20% OFF
- 10% OFF
- Inscribite a nuestro newsletter.
- Registrate
- ¡OBTENE UN 10% EN TU PROXIMA COMPRA!","- 10%OFF Pagando con Transferencia Bancaria 📱
- Suscribite y te regalamos $20.000",No detectado,No detectado,"- SUSCRIBITE A NUESTRO
- SUSCRIBITE A NUESTRO NEWSLETTER
- NEWSLETTER
- SUSCRIBIRME
- SUSCRIBITE A NUESTRO NEWSLETTER SUSCRIBIRME"
Programa de Fidelización,"- ExplorarLanzamientosCalzadoIndumentariaAccesoriosBicicletasComponentesBlogSitiosSporting BikeSporting OutdoorSporting FutbolSporting MujerBeneficiosClub MileniaInformaciónSucursales0800-777-6789Seguí tu pedidoCambios y devolucionesVer todo
- BeneficiosClub Milenia
- Club Milenia
- ⚽Clubes y Selecciones de Fútbol
- Club de fútbol","- ClubesSelección ArgentinaRiver PlateBoca JuniorsSan LorenzoRacing ClubIndependienteVelez SarsfieldRosario CentralArgentinos JuniorsClub Atletico TalleresLanusPlatenseAldosiviTigreClub Atlético BanfieldHuracanClub Atletico TucumanFutbol InternacionalInter De MiamiManchester CityACM MilanReal MadridBorussia DortmundBarcelonaLiverpoolParis Saint GermainBayern MunichChelseaJuventusLos PumasLos LeonesLas LeonasnbaManchester United
- Clubes
- Racing Club
- Club Atletico Talleres
- Club Atlético Banfield",- ¡Ganá puntos!,"- ¡Ganá puntos!
- Zapatillas Puma Club II Era Platform Mujer","- 20% OFF Pantalón Nike Sportswear Club Fleece $ 99.999 $ 82.643 Precio habitual $ 124.999 Agregar al Carrito Añadir a lista de deseos Añadir para comparar
- Pantalón Nike Sportswear Club Fleece","- NIÑOSCALZADOZapatillas Con LucesZapatillasOjotas y ClogsBotinesNiñoNiñaJuniorVer TodoINDUMENTARIARemeras Shorts Pantalones ClubesMallas Buzos y abrigos Ver TodoACCESORIOSMochilasCartucherasLuncherasProteccionesEntrenamientoRaquetasNataciónPelotasBotellasVer TodoDESTACADOSLos más vendidos 🤩Lleva más - paga menos🤑Hasta 60% offVer Todo
- Clubes
- CLUBESSelección ArgentinaBoca JuniorsRiver PlateIndependienteRacingSan LorenzoVélez SarsfieldVER TODO
- CLUBES","- ColoresVista rápidaBotines Hombre adidas Predator Club $ 83.999$ 119.999Ahorrá $ 36.00030% OFF6 cuotas sin interés de $ 14.000
- Botines Hombre adidas Predator Club
- ColoresVista rápidaBotines Hombre adidas Predator Club Fg $ 83.999$ 119.999Ahorrá $ 36.00030% OFF6 cuotas sin interés de $ 14.000
- Botines Hombre adidas Predator Club Fg
- NEW IN Vista rápidaBotines Hombre Umbro Velocita Decima Club $ 84.9996 cuotas sin interés de $ 14.167",- ¡Ganá puntos!,"- New InXSGORRA NIKE CLUB UNISEX $ 49.999,003 cuotas de $ 16.666,33 sin interés$41.321 precio sin impuestos nacionalesAgregar al carrito
- GORRA NIKE CLUB UNISEX
- New InTalle UnicoGORRA NIKE CLUB UNISEX $ 49.999,003 cuotas de $ 16.666,33 sin interés$41.321 precio sin impuestos nacionalesAgregar al carrito
- New InSMLXLCAMPERA JORDAN CLUB ATHLETE HD HOMBRE $ 199.999,003 cuotas de $ 66.666,33 sin interés$165.288 precio sin impuestos nacionalesAgregar al carrito
- CAMPERA JORDAN CLUB ATHLETE HD HOMBRE",No detectado,No detectado,No detectado,No detectado,No detectado,No detectado,No detectado,No detectado
Opciones de Retiro,"- ExplorarLanzamientosCalzadoIndumentariaAccesoriosBicicletasComponentesBlogSitiosSporting BikeSporting OutdoorSporting FutbolSporting MujerBeneficiosClub MileniaInformaciónSucursales0800-777-6789Seguí tu pedidoCambios y devolucionesVer todo
- InformaciónSucursales0800-777-6789Seguí tu pedidoCambios y devoluciones",No detectado,"- ¡Retirá Gratis YA!
- Te ubicamos en Capital Federal. Ingresá tu código postal y te mostraremos las mejores opciones de retiro y envío. Lugar de entrega Capital Federal null Borrar Cambiá tu código postal para ver las mejores opciones de retiro y envío de otra ubicación. Código Postal USAR No sé mi Código Postal A todo el país Envío gratis ¡Retirá Gratis YA!","- ¡Retirá Gratis YA!
- Te ubicamos en Capital Federal. Ingresá tu código postal y te mostraremos las mejores opciones de retiro y envío. Lugar de entrega Capital Federal null Borrar Cambiá tu código postal para ver las mejores opciones de retiro y envío de otra ubicación. Código Postal USAR No sé mi Código Postal A todo el país Envío gratis ¡Retirá Gratis YA!","- ¡RETIRA GRATIS EN NUESTRAS SUCURSALES!
- Podés elegir cualquiera de nuestros medios de envío —a domicilio, retiro en sucursal de OCA o retiro en nuestras sucursales— y lo recibís sin cargo. No acumulable con Promociones Bancarias.
- Retiro en tienda Open Sports (gratis): podés seleccionar entre nuestro listado de sucursales Open Sports habilitadas y recoger tu pedido sin cargo. Recordá que la única persona autorizada a retirar la orden es el titular de la compra presentando su DNI.
- Retiro en tienda Open Sports (gratis)
- : podés seleccionar retiro sin cargo de nuestra tienda de la ciudad de Mar del Plata. Recordá que la única persona autorizada a retirar la orden es el titular de la compra presentando su DNI.",No detectado,No detectado,"- ¡Retirá Gratis YA!
- Te ubicamos en Capital Federal. Ingresá tu código postal y te mostraremos las mejores opciones de retiro y envío. Lugar de entrega Capital Federal null Borrar Cambiá tu código postal para ver las mejores opciones de retiro y envío de otra ubicación. Código Postal USAR No sé mi Código Postal A todo el país Envío gratis ¡Retirá Gratis YA!",- Retiro en sucursal en 48 hs,No detectado,No detectado,No detectado,No detectado,- 📦 Retiro Gratis en Nuestras Sucursales,No detectado,No detectado,No detectado
